{
	"format_version": "1.8.0",
	"animations": {
		"retract": {
			"loop": "hold_on_last_frame",
			"animation_length": 10,
			"bones": {
				"Arm": {
					"rotation": {
						"0.0": [0, 0, 0],
						"0.5417": [0.33294, -0.11251, 0.32397],
						"1.0833": [1.23886, -0.31908, 1.14774],
						"1.625": [2.55322, -0.57844, 2.34212],
						"2.1667": [4.16478, -0.87234, 3.81753],
						"2.7083": [5.99132, -1.19051, 5.50751],
						"3.25": [7.96823, -1.52648, 7.3592],
						"3.7917": [10.03992, -1.87563, 9.32752],
						"4.3333": [12.15576, -2.23437, 11.37115],
						"4.875": [14.26534, -2.59956, 13.44888],
						"5.4167": [16.31442, -2.96809, 15.51563],
						"5.9583": [18.23929, -3.33637, 17.51688],
						"6.5": [19.95855, -3.69935, 19.37864],
						"7.0417": [21.35691, -4.0481, 20.98666],
						"7.5833": [22.25292, -4.35946, 22.1304],
						"8.0": [22.40173, -4.4911, 22.40173],
						"8.5417": [22.05185, -4.38592, 22.15996],
						"9.0833": [22.15523, -4.43604, 22.22202],
						"9.625": [22.35384, -4.49375, 22.35063],
						"10.0": [22.40173, -4.4911, 22.40173]
					}
				},
				"Arm2": {
					"rotation": {
						"0.0": [0, 0, 0],
						"0.5417": [0.31026, 0.04454, -0.30014],
						"1.0833": [1.07269, 0.17518, -1.05928],
						"1.625": [2.1949, 0.37381, -2.17503],
						"2.1667": [3.60268, 0.62655, -3.56978],
						"2.7083": [5.23275, 0.92229, -5.1804],
						"3.25": [7.0299, 1.25167, -6.95376],
						"3.7917": [8.94268, 1.60618, -8.84216],
						"4.3333": [10.92103, 1.9777, -10.79985],
						"4.875": [12.91322, 2.35774, -12.77991],
						"5.4167": [14.86254, 2.73669, -14.73063],
						"5.9583": [16.70249, 3.10242, -16.58998],
						"6.5": [18.35013, 3.43777, -18.27709],
						"7.0417": [19.69312, 3.71498, -19.67507],
						"7.5833": [20.56606, 3.87894, -20.59278],
						"8.0": [20.75357, 3.84097, -20.75357],
						"8.5417": [20.54094, 3.72489, -20.50336],
						"9.0833": [20.55953, 3.76284, -20.54752],
						"9.625": [20.70627, 3.82355, -20.68798],
						"10.0": [20.75357, 3.84097, -20.75357]
					}
				},
				"Arm3": {
					"rotation": {
						"0.0": [0, 0, 0],
						"0.5417": [-0.37935, -0.11164, -0.33432],
						"1.0833": [-1.33608, -0.30321, -1.20818],
						"1.625": [-2.68208, -0.54115, -2.47567],
						"2.1667": [-4.29502, -0.80936, -4.02993],
						"2.7083": [-6.08691, -1.09844, -5.78893],
						"3.25": [-7.98948, -1.40214, -7.68467],
						"3.7917": [-9.94571, -1.71575, -9.65774],
						"4.3333": [-11.90429, -2.03538, -11.65313],
						"4.875": [-13.81591, -2.35734, -13.61658],
						"5.4167": [-15.62943, -2.67773, -15.49125],
						"5.9583": [-17.28877, -2.99167, -17.21398],
						"6.5": [-18.72764, -3.29207, -18.70965],
						"7.0417": [-19.86274, -3.5664, -19.88435],
						"7.5833": [-20.58197, -3.7848, -20.61139],
						"8.0": [-20.75357, -3.84097, -20.75357],
						"8.5417": [-20.41479, -3.72065, -20.50236],
						"9.0833": [-20.50201, -3.7502, -20.57584],
						"9.625": [-20.70552, -3.83741, -20.71053],
						"10.0": [-20.75357, -3.84097, -20.75357]
					}
				},
				"Arm4": {
					"rotation": {
						"0.0": [0, 0, 0],
						"0.5417": [-0.33873, 0.05036, 0.33686],
						"1.0833": [-1.02852, 0.17464, 0.99782],
						"1.625": [-2.03544, 0.36935, 1.96203],
						"2.1667": [-3.32324, 0.62894, 3.20408],
						"2.7083": [-4.85493, 0.94555, 4.69615],
						"3.25": [-6.59083, 1.30869, 6.4049],
						"3.7917": [-8.48786, 1.70513, 8.29058],
						"4.3333": [-10.49736, 2.11882, 10.30629],
						"4.875": [-12.56341, 2.53126, 12.39465],
						"5.4167": [-14.61927, 2.92206, 14.48477],
						"5.9583": [-16.58254, 3.26971, 16.48769],
						"6.5": [-18.34705, 3.55285, 18.28886],
						"7.0417": [-19.76946, 3.7512, 19.7374],
						"7.5833": [-20.6448, 3.84683, 20.62762],
						"8.0": [-20.75357, 3.84097, 20.75357],
						"8.5417": [-20.53153, 3.71486, 20.54913],
						"9.0833": [-20.57866, 3.7453, 20.59732],
						"9.625": [-20.71847, 3.81732, 20.7237],
						"10.0": [-20.75, 3.84, 20.75]
					}
				}
			}
		},
    "protract": {
      "loop": "hold_on_last_frame",
      "animation_length": 10,
      "bones": {
        "Arm": {
          "rotation": {
            "0.0": [0, 0, 0],
            "0.5417": [0.33294, -0.11251, 0.32397],
            "1.0833": [1.23886, -0.31908, 1.14774],
            "1.625": [2.55322, -0.57844, 2.34212],
            "2.1667": [4.16478, -0.87234, 3.81753],
            "2.7083": [5.99132, -1.19051, 5.50751],
            "3.25": [7.96823, -1.52648, 7.3592],
            "3.7917": [10.03992, -1.87563, 9.32752],
            "4.3333": [12.15576, -2.23437, 11.37115],
            "4.875": [14.26534, -2.59956, 13.44888],
            "5.4167": [16.31442, -2.96809, 15.51563],
            "5.9583": [18.23929, -3.33637, 17.51688],
            "6.5": [19.95855, -3.69935, 19.37864],
            "7.0417": [21.35691, -4.0481, 20.98666],
            "7.5833": [22.25292, -4.35946, 22.1304],
            "8.0": [22.40173, -4.4911, 22.40173],
            "8.5417": [22.05185, -4.38592, 22.15996],
            "9.0833": [22.15523, -4.43604, 22.22202],
            "9.625": [22.35384, -4.49375, 22.35063],
            "10.0": [22.40173, -4.4911, 22.40173]
          }
        },
        "Arm2": {
          "rotation": {
            "0.0": [0, 0, 0],
            "0.5417": [0.31026, 0.04454, -0.30014],
            "1.0833": [1.07269, 0.17518, -1.05928],
            "1.625": [2.1949, 0.37381, -2.17503],
            "2.1667": [3.60268, 0.62655, -3.56978],
            "2.7083": [5.23275, 0.92229, -5.1804],
            "3.25": [7.0299, 1.25167, -6.95376],
            "3.7917": [8.94268, 1.60618, -8.84216],
            "4.3333": [10.92103, 1.9777, -10.79985],
            "4.875": [12.91322, 2.35774, -12.77991],
            "5.4167": [14.86254, 2.73669, -14.73063],
            "5.9583": [16.70249, 3.10242, -16.58998],
            "6.5": [18.35013, 3.43777, -18.27709],
            "7.0417": [19.69312, 3.71498, -19.67507],
            "7.5833": [20.56606, 3.87894, -20.59278],
            "8.0": [20.75357, 3.84097, -20.75357],
            "8.5417": [20.54094, 3.72489, -20.50336],
            "9.0833": [20.55953, 3.76284, -20.54752],
            "9.625": [20.70627, 3.82355, -20.68798],
            "10.0": [20.75357, 3.84097, -20.75357]
          }
        },
        "Arm3": {
          "rotation": {
            "0.0": [0, 0, 0],
            "0.5417": [-0.37935, -0.11164, -0.33432],
            "1.0833": [-1.33608, -0.30321, -1.20818],
            "1.625": [-2.68208, -0.54115, -2.47567],
            "2.1667": [-4.29502, -0.80936, -4.02993],
            "2.7083": [-6.08691, -1.09844, -5.78893],
            "3.25": [-7.98948, -1.40214, -7.68467],
            "3.7917": [-9.94571, -1.71575, -9.65774],
            "4.3333": [-11.90429, -2.03538, -11.65313],
            "4.875": [-13.81591, -2.35734, -13.61658],
            "5.4167": [-15.62943, -2.67773, -15.49125],
            "5.9583": [-17.28877, -2.99167, -17.21398],
            "6.5": [-18.72764, -3.29207, -18.70965],
            "7.0417": [-19.86274, -3.5664, -19.88435],
            "7.5833": [-20.58197, -3.7848, -20.61139],
            "8.0": [-20.75357, -3.84097, -20.75357],
            "8.5417": [-20.41479, -3.72065, -20.50236],
            "9.0833": [-20.50201, -3.7502, -20.57584],
            "9.625": [-20.70552, -3.83741, -20.71053],
            "10.0": [-20.75357, -3.84097, -20.75357]
          }
        },
        "Arm4": {
          "rotation": {
            "0.0": [0, 0, 0],
            "0.5417": [-0.33873, 0.05036, 0.33686],
            "1.0833": [-1.02852, 0.17464, 0.99782],
            "1.625": [-2.03544, 0.36935, 1.96203],
            "2.1667": [-3.32324, 0.62894, 3.20408],
            "2.7083": [-4.85493, 0.94555, 4.69615],
            "3.25": [-6.59083, 1.30869, 6.4049],
            "3.7917": [-8.48786, 1.70513, 8.29058],
            "4.3333": [-10.49736, 2.11882, 10.30629],
            "4.875": [-12.56341, 2.53126, 12.39465],
            "5.4167": [-14.61927, 2.92206, 14.48477],